extract,text_type
7210421990,sudoc
lc561981,sudoc
cs3714166,sudoc
LR162L7195671,sudoc
docs 7 c 36 no,title
DOCS C 2 8 ZN 2 b,title
d ogs c 32 4 2 p 4f 4f 96 7,title
0ocsGC1969,sudoc
i49153no8795,sudoc
322381980d49sec2,sudoc
0 ocs su 10 8 yo was 3 9,title
c3186p951923,sudoc
c34541992vyNO1,sudoc
c3215Hito942,sudoc
c3215h123911,sudoc
72991098,sudoc
000sr19115319ap12,sudoc
f9115NO9,sudoc
HE20402IN7,sudoc
Y3EL2375198788VZ,sudoc
docs s f 82 eer d v of,title
jiv f 06 y s fast 5 8,title
GV7064i5g,sudoc
byV10601tish,sudoc
by15800246,sudoc
,title
HD2346U5155,sudoc
fh5001fb,sudoc
extract,text_type
7210421990,Date_Created
lc561981,sudoc
cs3714166,sudoc
LR162L7195671,sudoc
docs 7 c 36 no,title
DOCS C 2 8 ZN 2 b,title
d ogs c 32 4 2 p 4f 4f 96 7,title
0ocsGC1969,sudoc
i49153no8795,sudoc
322381980d49sec2,sudoc
0 ocs su 10 8 yo was 3 9,title
c3186p951923,sudoc
c34541992vyNO1,sudoc
c3215Hito942,sudoc
c3215h123911,sudoc
72991098,sudoc
000sr19115319ap12,sudoc
f9115NO9,sudoc
HE20402IN7,sudoc
Y3EL2375198788VZ,sudoc
docs s f 82 eer d v of,title
jiv f 06 y s fast 5 8,title
GV7064i5g,sudoc
byV10601tish,sudoc
by15800246,sudoc
,title
HD2346U5155,sudoc
fh5001fb,sudoc
SE2,sudoc
how 5 j,title
r0C2,sudoc
ac oddin HX 1 T33,title
Journal National J K 1 n20,title
7 b 05 A L o b to fast,title
LB1585,sudoc
ducati on LB 17 lb c2 TT,title
young child ren I R 1140 y6,title
L B 1 576 A I e b,title
motivos 6 7th 2 6 m 68,title
LCC395156,sudoc
DOWN Beat ML 1 D6,title
The Instrumentalist ml 1 1914,title
express mL 5 M17,title
249by,sudoc
pollo n 1 A 255,title
2T in N America n 1 A43,title
y8,sudoc
English Journal PE ets,title
Iscover Q 1 D57,title
Reader utne PN 4 784 U53 U 88,title
extract,text_type
M1052C862,sudoc
EMPLOYMENT AND WAGES Annual Averages 1990,title
Library of Congress subject headings,title
35W EDITION 2013 TV MPP,title
35ML EDITION VOLUME IV MP,title
LIBRA RY 0 f Congress acquisitions GEOGRAPHY AND MAP DIVISION 1981,title
DIGEST AND Decisions OF THE EMPLOYEES Compensation APPEALS BOARD US DEPARTMENT Of LABOR EMPLOYEES COMPENSATION APPEALS BOARD OCTOBER 1 2002 SEPTEMBER 30 2003 VOLUME 54 AND INDEX DIGEST SUPPLEMENT XXX,title
DIGEST AND DECISIONS OF THE EMPLOYEES COMPENSATION VOLUME 54 AND INDEX DIGEST SUPPLEMENT XXX,title
L289V54,sudoc
DIGEST and Decisions of the EMPLOYEES 5 Compensation Appeals Board,title
career Thresholds Volume 6 A labor LONGITUDINAL market study EXPERIENCE of THE ot young EDUCATIONAL men AND RD monograph 16 us department employment of and LABOR training ADMINISTRATION,title
0062711900,sudoc
career Thresholds V olume 6,title
NATIONAL PRESERVATION Report VOLUME 1 NUMBER 1 APRIL 1979,title
LC1461998,sudoc
C31342001,sudoc
statistical abstract of THE UNITED states 2001 12LST EDITION THE NATIONAL DATE BOOK,title
THE PRODUCTIVITY RELATION UNITED TO OT STATES SOIL AND FORESTS AND SITE ITS OT FACTORS AND MANAGEMENT PRACTICES A REVIEW,title
ab21082195657,sudoc
UNITED States GOVE RNNNNNNN ME N r ORGANIZATION Manual 195657 REVISED AS OF JUNE 1 1956,title
national export expansion council,title
NATIONAL EXPORT EXPANSION COUNCIL REPORT OF THE INDUSTRY COMMITTEE ON ENGINEERING AND CONSTRUCTION SERVICES,title
national export expansion council Report OF the Industry Committee ON ENGINEERING and CONSTRUCTION Services US DEPARTMENT OF COMMERCE JULY 1970,title
1310983,sudoc
UNITED STATES DECENTMENT OT AONCUNUTE FOREST SERVICE FS383 CS,title
LAND AREAS OF THE NATIONAL FOREST SYSTEM AS OF SEPTEMBER 30 1981,title
13101981,sudoc
1959 CENSUS OF agriculture VOLUME PARISHES PART 35 LOUISIANA,title
DOCS C 3 314 1959 V 1 PT 35,title
AGRICULTURE CENSUS VOL AMOUNT PARISHES PART 35,title
US final report CENSUS vol inf OF part 35 parishes AGRICULTURE 1959 FARMS FARM CHARACTERISTICS LIVESTOCK AND PRODUCTS CROPS FRUITS VALUES,title
1967 census OF manufactures,title
NUMERICAL LIST OF MANUFACTURED products,title
abstract OF THE CENSUS OF MANUFACTURES 1914,title
department OF COMMERCE BUREAU OF THE census SAM L ROGERS director ABSTRACT OF THE CENSUS OF MANUF ACTURES 1914,title
U S DEPARTMENT OP AGRICULTURE FIELD OPERATIONS OF THE BURBAU OR SOILS 1912 MAPS,title
a57381912maps,sudoc
A57381911MAPS,sudoc
U S DEPARTMENT OF AGRICULTURE FIELD OPERATIONS OF THE BUREAU OF SOILS 1911 MAPS,title
S 0 IL S UR V EY DECATUR COUNTY TENNESSEE,title
A57381941NO12,sudoc
BLAINE COUNTY NEBRASKA,title
NISEA SES OF CATTLE 1942,title
77m202U19761942,sudoc
UNITED STATES DEPARTMENT OF AGRICULTURE,title
ADVANCING THE campaign Against CHILD Labor Volume III,title
BOURNAL OFFERENTIAL FOUATIONS 1965,title
QA371J73,sudoc
OT INUNAL NIFFORENTIAL EQUATIONS,title
miners INTERNATIONAL FEDERATION an International Labor STUDY,title
INEAR 4 ALGEBRA and Its Applications EDITORSINCHIEF RICHARD A BRUALDI AND HANS SCHNEIDER THE UNIVERSITY OF WISCONSINMADISON,title
Annual REPORT OF THE LIBRARIAN OF CONGRESS,title
ANNUAL REPORT of THE LIBRARIAN OF Congress,title
LC111969,sudoc
special scientific Report wildlife 8795,title
Doc S r L9 1 5,title
cash skills OROBATION 3940 197576,title
TU1083940,sudoc
AN AGING WORLD 0 0,title
P951923 An AGING WORLD II,title
INTERNATIONAL population REPORTS P95923 An Aging World 0 0,title
1992 CENSUS OF GOVERNMENTS GC92 4 1 volume 4 Government FINANCES NUMBER 1 PUBLIC Education Finances,title
HOUSING SURVEY FOR THE AMARILLALL NETROLL METROPOLITAN AREA CURRENT HOUSING REPORTS,title
Z 1992 2 census OF Governments GC92 3 2 volume 3 public Employment,title
US ECONOMICS BUREAU DEPARTMENT OF AND THE OF STATISTICS CENSUS COMMERCE ADMINISTRATION,title
Recovery plan for THOB raRE species of soldier meadows,title
H123911 HOUSING IN AMERICA 198990 BY F JOHR DEVANEY,title
DEVOVENI PLAN FOR THE RARE SPECIES OF SOLDIER MEADOWS,title
H12391 1 HOUSING IN AMERICA 198990 BY F JOHR DEVANEY,title
Criminal Justice Information Policy JUVENILE Records and Recordkeeping Systems,title
USGS EXPANDS KNOWLEDGE OF MINERAL RESOURCES on PUBLIC LANDS,title
UNITED STATES GOVERNMENT PUBLICATIONS SERIAL set NOS 3322 3346 53RD CONGRESS 3rd SESSION DEC 3 1894 mar 2 1895 READEX MICROPRINT united STATES Government publications SERIAL set nos 3322 n 3346 53rd CONGRESS 3rd SESSION DEC 3 1894 mar 2 1895 READEX MICROPRINT,title
YA33223346MICRO,sudoc
A1101961,sudoc
SECOND IMAGE RECEPTOR CONFERENCE RADIOGRAPHIC FILM PROCESSING PROCEEDINGS OF A CONFERENCE HEAD IN WASHINGTON D C MARCH 31 APRIL 2 1977,title
PRESENTED BY THE PUBLIC BUREAU HEALTH OF SERVICE RADIOLOGICAL DEPARTMENT HEALTH OF FOOD HEALTH DRUG EDUCATION ADMINISTRATION AND WELFARE IN COOPERATION WITH THE AMERICAN COLLEGE OF RADIOLOGY PROJECT OFFICERS RICHARD E GROSS LEE W GOLDMAN,title
extract,text_type
M1052C862,Date_Created
EMPLOYMENT AND WAGES Annual Averages 1990,title
Library of Congress subject headings,title
35W EDITION 2013 TV MPP,title
35ML EDITION VOLUME IV MP,title
LIBRA RY 0 f Congress acquisitions GEOGRAPHY AND MAP DIVISION 1981,title
DIGEST AND Decisions OF THE EMPLOYEES Compensation APPEALS BOARD US DEPARTMENT Of LABOR EMPLOYEES COMPENSATION APPEALS BOARD OCTOBER 1 2002 SEPTEMBER 30 2003 VOLUME 54 AND INDEX DIGEST SUPPLEMENT XXX,title
DIGEST AND DECISIONS OF THE EMPLOYEES COMPENSATION VOLUME 54 AND INDEX DIGEST SUPPLEMENT XXX,title
L289V54,sudoc
DIGEST and Decisions of the EMPLOYEES 5 Compensation Appeals Board,title
career Thresholds Volume 6 A labor LONGITUDINAL market study EXPERIENCE of THE ot young EDUCATIONAL men AND RD monograph 16 us department employment of and LABOR training ADMINISTRATION,title
0062711900,sudoc
career Thresholds V olume 6,title
NATIONAL PRESERVATION Report VOLUME 1 NUMBER 1 APRIL 1979,title
LC1461998,sudoc
C31342001,sudoc
statistical abstract of THE UNITED states 2001 12LST EDITION THE NATIONAL DATE BOOK,title
THE PRODUCTIVITY RELATION UNITED TO OT STATES SOIL AND FORESTS AND SITE ITS OT FACTORS AND MANAGEMENT PRACTICES A REVIEW,title
ab21082195657,sudoc
UNITED States GOVE RNNNNNNN ME N r ORGANIZATION Manual 195657 REVISED AS OF JUNE 1 1956,title
national export expansion council,title
NATIONAL EXPORT EXPANSION COUNCIL REPORT OF THE INDUSTRY COMMITTEE ON ENGINEERING AND CONSTRUCTION SERVICES,title
national export expansion council Report OF the Industry Committee ON ENGINEERING and CONSTRUCTION Services US DEPARTMENT OF COMMERCE JULY 1970,title
1310983,sudoc
UNITED STATES DECENTMENT OT AONCUNUTE FOREST SERVICE FS383 CS,title
LAND AREAS OF THE NATIONAL FOREST SYSTEM AS OF SEPTEMBER 30 1981,title
13101981,sudoc
1959 CENSUS OF agriculture VOLUME PARISHES PART 35 LOUISIANA,title
DOCS C 3 314 1959 V 1 PT 35,title
AGRICULTURE CENSUS VOL AMOUNT PARISHES PART 35,title
US final report CENSUS vol inf OF part 35 parishes AGRICULTURE 1959 FARMS FARM CHARACTERISTICS LIVESTOCK AND PRODUCTS CROPS FRUITS VALUES,title
1967 census OF manufactures,title
NUMERICAL LIST OF MANUFACTURED products,title
abstract OF THE CENSUS OF MANUFACTURES 1914,title
department OF COMMERCE BUREAU OF THE census SAM L ROGERS director ABSTRACT OF THE CENSUS OF MANUF ACTURES 1914,title
U S DEPARTMENT OP AGRICULTURE FIELD OPERATIONS OF THE BURBAU OR SOILS 1912 MAPS,title
a57381912maps,sudoc
A57381911MAPS,sudoc
U S DEPARTMENT OF AGRICULTURE FIELD OPERATIONS OF THE BUREAU OF SOILS 1911 MAPS,title
S 0 IL S UR V EY DECATUR COUNTY TENNESSEE,title
A57381941NO12,sudoc
BLAINE COUNTY NEBRASKA,title
NISEA SES OF CATTLE 1942,title
77m202U19761942,sudoc
UNITED STATES DEPARTMENT OF AGRICULTURE,title
ADVANCING THE campaign Against CHILD Labor Volume III,title
BOURNAL OFFERENTIAL FOUATIONS 1965,title
QA371J73,sudoc
OT INUNAL NIFFORENTIAL EQUATIONS,title
miners INTERNATIONAL FEDERATION an International Labor STUDY,title
INEAR 4 ALGEBRA and Its Applications EDITORSINCHIEF RICHARD A BRUALDI AND HANS SCHNEIDER THE UNIVERSITY OF WISCONSINMADISON,title
Annual REPORT OF THE LIBRARIAN OF CONGRESS,title
ANNUAL REPORT of THE LIBRARIAN OF Congress,title
LC111969,sudoc
special scientific Report wildlife 8795,title
Doc S r L9 1 5,title
cash skills OROBATION 3940 197576,title
TU1083940,sudoc
AN AGING WORLD 0 0,title
P951923 An AGING WORLD II,title
INTERNATIONAL population REPORTS P95923 An Aging World 0 0,title
1992 CENSUS OF GOVERNMENTS GC92 4 1 volume 4 Government FINANCES NUMBER 1 PUBLIC Education Finances,title
HOUSING SURVEY FOR THE AMARILLALL NETROLL METROPOLITAN AREA CURRENT HOUSING REPORTS,title
Z 1992 2 census OF Governments GC92 3 2 volume 3 public Employment,title
US ECONOMICS BUREAU DEPARTMENT OF AND THE OF STATISTICS CENSUS COMMERCE ADMINISTRATION,title
Recovery plan for THOB raRE species of soldier meadows,title
H123911 HOUSING IN AMERICA 198990 BY F JOHR DEVANEY,title
DEVOVENI PLAN FOR THE RARE SPECIES OF SOLDIER MEADOWS,title
H12391 1 HOUSING IN AMERICA 198990 BY F JOHR DEVANEY,title
Criminal Justice Information Policy JUVENILE Records and Recordkeeping Systems,title
USGS EXPANDS KNOWLEDGE OF MINERAL RESOURCES on PUBLIC LANDS,title
UNITED STATES GOVERNMENT PUBLICATIONS SERIAL set NOS 3322 3346 53RD CONGRESS 3rd SESSION DEC 3 1894 mar 2 1895 READEX MICROPRINT united STATES Government publications SERIAL set nos 3322 n 3346 53rd CONGRESS 3rd SESSION DEC 3 1894 mar 2 1895 READEX MICROPRINT,title
YA33223346MICRO,sudoc
A1101961,sudoc
SECOND IMAGE RECEPTOR CONFERENCE RADIOGRAPHIC FILM PROCESSING PROCEEDINGS OF A CONFERENCE HEAD IN WASHINGTON D C MARCH 31 APRIL 2 1977,title
PRESENTED BY THE PUBLIC BUREAU HEALTH OF SERVICE RADIOLOGICAL DEPARTMENT HEALTH OF FOOD HEALTH DRUG EDUCATION ADMINISTRATION AND WELFARE IN COOPERATION WITH THE AMERICAN COLLEGE OF RADIOLOGY PROJECT OFFICERS RICHARD E GROSS LEE W GOLDMAN,title
AN INSTRUMENT for NON inv asive MAS MEASUREMENT,title
USDA PROCEEDINGS OF THE sudden Oak DEATH FOURTH SCIENCE SYMPOSIUM JUNE 1518 2009 SANTA CRUZ CALIFORNIA,title
A1388pswgtr229,sudoc
NORTH EFT AMERICAN INDUSTRY CLASSIFICATION SYSTEM UNITED STATES 2012 Humboldt STATE,title
prex2642012,sudoc
NATIONAL RAILROAD ADJUSTMENT BOARD CHICAGO ILLINOIS AWARDS TOTAL TO 222 FIRST DIVISION NATIONAL Railroad ADJUSTMENT BOARD VOLUME i,title
DOCS RA 1 7 V 1,title
DOCUMENTS ON GERMAN FOREIGN POLICY 1918 1945 SERIES D VOLUME IV THE AFTERMATH OF MUNICH 1938 C 1939,title
docs s 1982 ser d,title
198384 ap 2 c636 periodical HU HUMBOLD T STATE UNIVERSITY,title
1985 AP 2 C636 PERIODICAL P HUMBOI DT STATE,title
1988 AP 2 C636 PERIODICAL HUMBOLOT STATE UNIVERSITY,title
1989 AP 2 C636 PERIODICAL HUMBOLDT STATE UNIVERSITY,title
1990 AP 2 C636 PERIODICAL HUMBOLDT STATE UNIVERSITY,title
AP 2 C636 PERIODICAL MEDIOT CIALS UNIVERSITY,title
AP2C636per,sudoc
1963AP21547PERIODICAL,sudoc
JULY AUG 1968 AP 2 L547 PERIODICAL,title
OCT NOV 1989 AP 2 N6763 periodical STATE,title
a p 2 n672 PERIODICAL,title
BF 21 P843 PERIODICAL,title
GC 1 164 periodical Humbold STATE UNIVERSITY,title
GC 1 D25 HUMBOLOT STATE COLLEGE,title
18512INOSPERIODICAL,sudoc
BF 789 D4 0 4 PERIODICAL,title
19747519757675A547PERIODICAL,sudoc
199091 199394 E 78 C15 N48 PERIODICAL HUMBOLDT STATE,title
F 591 J6 PERIODICAL,title
1899 fr 851 S95 PERIODICAL,title
f851S95periodical,sudoc
193233 F 856 C24 PERIODICAL,title
19241931f856c24bPERIODICAL,sudoc
195360868H8H82,sudoc
197576PGJ88PERIODICAL,sudoc
G 1 N2 PERIODICAL,title
GB 651 J6 PERIODICAL,title
JULYNOV 1991 GC 83 M3 periodical HUMBOLDT STATE UNIVERSITY,title
GV 201 R4 PERIODICAL,title
1994 GV 201 Q9 periodical HUMBOLOT STATE UNIVERSMY,title
GV 7064 J68 PERIODICAL,title
GV7064158periodical,sudoc
HC 10 S625 PERIODICAL,title
HF 5381 AL J68 periodical,title
HO 5 J6 PERIODICAL,title
POPULATION GROWTH ZPG REPORTER HO 763 Z47,title
HV 1 J56 periodical,title
GERONTO LOGIST HQ 1060 G4 PERIODICAL,title
HV 1 J 56 PERIODICAL PERIODICAL,title
1985 HV 701 C52 PERIODICAL,title
197980 HV 2350 S58 PERIODICAL UNIVERSITY,title
HV 6001 N2 periodical,title
JN 94 A1 W46 PERIODICAL,title
NATIONALISM ETHNIC POLITICS JC 31 1 N3222 periodical N57,title
198990 LB 1 0 A2 B7 PERIODICAL HUMBOLDT STATE UNIVERSITY,title
LB 1051 A2 B7 periodical,title
LB30134S62periodiCAL,sudoc
1962 63 LC 3951 J6 PERIODICAL,title
LC L001 J65 PERIODICAL,title
198990 LCC 3951 J6 PERIODICAL HUMBOLDT STATE UNIVERSITY,title
198687 ML 1 C6 PERIODICAL POLICS STATE UNIVERSITY,title
n A1 F532 PERIODICAL ELEESELEE 6 1,title
1944451A415PERIODICAL,sudoc
N 1 A814 periodical HUMBOLDT STATE UNIVERSITY,title
12A768PERIODICAL,sudoc
NC 997 A1 C2 PERIODICAL,title
E871CLPERIODICAL,sudoc
HH 1752 V25NO 2023 1 Cityscape A DEVELOPMENT Journal AND of POLICY Research housing volume TECHNOLOGY 25 NUMBER PROJECTS 1 0 2023 ITEMEMENT OF FOR PLYMENT TOTAL US DEPARTMENT of Mousing and urban development OFFICE OF POLICY DEVELOPMENT AND Rosearch,title
MOTOR VEHICLE DOCS A13 28 SA5F4 2023 USE EAST MAP SIDE SANTA FE NATIONAL FOREST CAT POLY HUMBOLOT 28 2023 US DOCUMENTS library hsu library ARCATA ca 95521 3 0300 01700 AMERICAS 7731 GREAT OUTDOORS NEW MEXICO APRIL FOREST 01 asi UNITED STATES 2023 SERVICE DEPARTMENT OF AGRICULTURE,title
